Laptop,Variante,Datensatz,Bilder,Prozesse,Laufzeit in s,Std,CI_low,CI_high,Speedup,Efficiency,Throughput,all_times
2,Dynamic,NIH,100,1,0.78,0.0126,0.7707,0.7887,1.0,1.0,128.26,"[0.7752849590033293, 0.7706886350060813, 0.7652687930094544, 0.7793968059995677, 0.7843107280059485, 0.7781674850120908, 0.7799704869976267, 0.7942843799974071, 0.8033298939990345, 0.8005413700011559]"
2,Dynamic True,NIH,100,1,0.792,0.0304,0.7705,0.814,1.0,1.0,126.22,"[0.8564998189976905, 0.8326331809948897, 0.788311190000968, 0.7988640989933629, 0.7877968440006953, 0.7904273329913849, 0.861272802008898, 0.7912987840099959, 0.7931812850001734, 0.7793561919970671]"
2,Dynamic,NIH,100,2,0.412,0.0086,0.4062,0.4185,1.893,0.947,242.5,"[0.42253993899794295, 0.4088752389943693, 0.4080492549983319, 0.4050139370083343, 0.4133748930034926, 0.411378788005095, 0.40451850500539877, 0.4190182580059627, 0.41960726500838064, 0.43134872999507934]"
2,Dynamic True,NIH,100,2,0.442,0.0234,0.4251,0.4586,1.792,0.896,226.3,"[0.4397825720079709, 0.44400035600119736, 0.43698834799579345, 0.4313136140117422, 0.4520944810064975, 0.5091087659966433, 0.44744008699490223, 0.43211940200126264, 0.42634872799681034, 0.4457901849964401]"
2,Dynamic,NIH,100,4,0.266,0.0029,0.2639,0.2681,2.932,0.733,376.0,"[0.27163563600333873, 0.263688197999727, 0.26204104100179393, 0.26318115400499664, 0.26486617399496026, 0.26629320898791775, 0.26722361899737734, 0.2656271960004233, 0.26649421600450296, 0.26977688100305386]"
2,Dynamic True,NIH,100,4,0.259,0.0032,0.2566,0.2613,3.058,0.764,386.17,"[0.26402981200953946, 0.2589731010084506, 0.25563496199902147, 0.26131319199339487, 0.25892940899939276, 0.2553064139938215, 0.2629891749966191, 0.25875576298858505, 0.2581809919938678, 0.2644849000062095]"
2,Dynamic,NIH,100,8,0.195,0.0052,0.1916,0.199,4.0,0.5,512.03,"[0.20394311798736453, 0.20242728800803889, 0.20728762900398578, 0.19635051699879114, 0.196347450997564, 0.19372680300148204, 0.19419475299946498, 0.19409250000899192, 0.19222432699461933, 0.194252311004675]"
2,Dynamic True,NIH,100,8,0.184,0.0039,0.1809,0.1864,4.304,0.538,544.56,"[0.1890571900003124, 0.18274045900034253, 0.18994082199060358, 0.18217513599665835, 0.1788759509945521, 0.18313199600379448, 0.19019501098955516, 0.18170837800425943, 0.18413893999240827, 0.18662374300765805]"
2,Dynamic,NIH,500,1,3.916,0.1195,3.8305,4.0015,1.0,1.0,127.68,"[3.9297845660039457, 3.9321097590000136, 4.0085126839985605, 4.186060080988682, 4.160090526987915, 3.879613231008989, 3.9021690460067475, 3.865220377003425, 3.877083188999677, 3.8724456449999707]"
2,Dynamic True,NIH,500,1,3.864,0.0071,3.8591,3.8692,1.0,1.0,129.39,"[3.8647325959900627, 3.8722206079983152, 3.8547818249935517, 3.8561856230080593, 3.863556875992799, 3.8595447760017123, 3.8633935940015363, 3.873216156993294, 3.875356971009751, 3.8669579589914065]"
2,Dynamic,NIH,500,2,2.094,0.0353,2.0691,2.1196,1.87,0.935,238.74,"[2.0052997680031694, 2.025812947002123, 2.0506809479993535, 2.0954540999955498, 2.098611733003054, 2.0976670819945866, 2.0932549879944418, 2.0998184280033456, 2.0997396939928876, 2.0922083930054214]"
2,Dynamic True,NIH,500,2,2.084,0.0068,2.0789,2.0886,1.854,0.927,239.95,"[2.0983562229957897, 2.0879903190070763, 2.075685649004299, 2.085933659996954, 2.077867701998912, 2.0855373939994024, 2.086018984002294, 2.079754304009839, 2.076639659993816, 2.0820034149946878]"
2,Dynamic,NIH,500,4,1.236,0.01,1.2287,1.243,3.168,0.792,404.59,"[1.238701181995566, 1.234709505995852, 1.263457301989547, 1.2275883339898428, 1.231169400998624, 1.2311831200058805, 1.2375020170002244, 1.2317215459916042, 1.24086759101192, 1.2369573570031207]"
2,Dynamic True,NIH,500,4,1.223,0.0032,1.2207,1.2253,3.159,0.79,408.82,"[1.223726741009159, 1.2253445349924732, 1.222461885001394, 1.2232243809994543, 1.2186772489949362, 1.2276073590037413, 1.221127199998591, 1.221083330005058, 1.2296466090047034, 1.2228180459933355]"
2,Dynamic,NIH,500,8,0.823,0.0032,0.8202,0.8248,4.758,0.595,607.9,"[0.8265235449944157, 0.8261215600068681, 0.8202812850067858, 0.822505069008912, 0.8179409939912148, 0.822497224988183, 0.8216777149937116, 0.8194994370132918, 0.8249418159975903, 0.8273801629984519]"
2,Dynamic True,NIH,500,8,0.812,0.0031,0.8096,0.814,4.759,0.595,615.91,"[0.814791373006301, 0.8094191090058303, 0.8074952000024496, 0.8116657560021849, 0.8057356420031283, 0.8133216519927373, 0.811969519010745, 0.811935926991282, 0.8062971599865705, 0.8119496229919605]"
2,Dynamic,NIH,1000,1,7.734,0.0173,7.7213,7.746,1.0,1.0,129.31,"[7.759341691998998, 7.735565094000776, 7.707740448997356, 7.73509608299355, 7.732171664989437, 7.723757661995478, 7.703623779991176, 7.719157993007684, 7.748151924999547, 7.739371768999263]"
2,Dynamic True,NIH,1000,1,7.756,0.3873,7.4788,8.0329,1.0,1.0,128.94,"[7.738810062000994, 7.748221774992999, 7.763454929008731, 7.810179201012943, 7.81177142400702, 6.99784540499968, 7.83039236201148, 7.00270131599973, 7.932585810995079, 7.033326814009342]"
2,Dynamic,NIH,1000,2,3.977,0.1486,3.8709,4.0835,1.945,0.973,251.43,"[4.446593738000956, 3.980560329000582, 3.9762503230012953, 3.965075643005548, 3.9802780019963393, 3.9701662409934215, 3.9782288989954395, 3.97459929100296, 3.995655072008958, 3.975294471005327]"
2,Dynamic True,NIH,1000,2,4.175,0.2392,4.0036,4.3458,1.858,0.929,239.54,"[3.9390166850062087, 3.9478503829886904, 4.3967426829913165, 3.9427619019988924, 4.400409545007278, 3.953172777997679, 4.412108596006874, 3.9526051610009745, 4.396263149988954, 4.3980856310081435]"
2,Dynamic,NIH,1000,4,2.409,0.0881,2.3459,2.472,3.21,0.802,415.12,"[2.6846584729937604, 2.409089218999725, 2.408813543996075, 2.4013452179933665, 2.411650527996244, 2.4185121600021375, 2.411631488997955, 2.4010601949994452, 2.394917643003282, 2.4040157819981687]"
2,Dynamic True,NIH,1000,4,2.658,0.1422,2.5563,2.7598,2.918,0.73,376.21,"[2.3832036029925803, 2.394820700996206, 2.6604799249907956, 2.393803895000019, 2.660690718999831, 2.3867735959938727, 2.6556464669993147, 2.6733717269962654, 2.669225991005078, 2.6695842189947143]"
2,Dynamic,NIH,1000,8,1.687,0.062,1.6423,1.731,4.584,0.573,592.9,"[1.8697549890057417, 1.686060443011229, 1.6789471829979448, 1.690275767003186, 1.6757349739928031, 1.6826901390013518, 1.7702795690129278, 1.6847069369978271, 1.6871868839953095, 1.688033116995939]"
2,Dynamic True,NIH,1000,8,1.758,0.0957,1.6891,1.8261,4.412,0.551,568.95,"[1.6698814900009893, 1.6658208830049261, 1.848480777000077, 1.6685536970035173, 1.8553258980100509, 1.8471829500049353, 1.8509774310077773, 1.6685767769959057, 1.845371597999474, 1.6667622170061804]"
2,Dynamic,Kaggle Pneumonia,100,1,0.964,0.0058,0.9602,0.9685,1.0,1.0,103.7,"[0.9629609640105627, 0.9737566239928128, 0.9640871839947067, 0.9638971860113088, 0.9762550460000057, 0.9646236550033791, 0.9617512510012602, 0.976000358001329, 0.9628611910011386, 0.9656882190029137]"
2,Dynamic True,Kaggle Pneumonia,100,1,0.961,0.0053,0.9574,0.9649,1.0,1.0,104.04,"[0.965141651002341, 0.9621762930037221, 0.9702820219972637, 0.9550580629875185, 0.9566451090067858, 0.9608200030052103, 0.9565355030063074, 0.9532207079901127, 0.9646243920142297, 0.961469596993993]"
2,Dynamic,Kaggle Pneumonia,100,2,0.571,0.0268,0.5514,0.5897,1.688,0.844,175.27,"[0.6540360180079006, 0.5757216769998195, 0.570746166005847, 0.5703356039884966, 0.570844160989509, 0.5691065220016753, 0.5667338289931649, 0.566422092000721, 0.5713176720018964, 0.5673850140010472]"
2,Dynamic True,Kaggle Pneumonia,100,2,0.561,0.0031,0.5592,0.5636,1.713,0.857,178.14,"[0.5641236380033661, 0.5611168229952455, 0.5635242409916827, 0.55897895101225, 0.5576322970009642, 0.5637515389971668, 0.5640963379992172, 0.5600931370136095, 0.5550095729995519, 0.5616248589940369]"
2,Dynamic,Kaggle Pneumonia,100,4,0.372,0.0028,0.3703,0.3743,2.591,0.648,268.61,"[0.3803728219936602, 0.3738802180014318, 0.3714709540072363, 0.37175900700094644, 0.37246411301021, 0.371886868000729, 0.37211155000841245, 0.370439204009017, 0.3730378829932306, 0.37254162899625953]"
2,Dynamic True,Kaggle Pneumonia,100,4,0.361,0.0024,0.3591,0.3626,2.662,0.665,277.14,"[0.3676073070091661, 0.36210373300127685, 0.35970932799682487, 0.361404176990618, 0.3610946539993165, 0.3613048709958093, 0.36057252300088294, 0.35871266399044544, 0.36030253500211984, 0.3604787659860449]"
2,Dynamic,Kaggle Pneumonia,100,8,0.297,0.0033,0.2944,0.2991,3.246,0.406,336.98,"[0.296769801992923, 0.29434657300589606, 0.2959718799975235, 0.29644734400790185, 0.29689926499850117, 0.29759293000097387, 0.2988590320019284, 0.28890211999532767, 0.30156324899871834, 0.2967409169941675]"
2,Dynamic True,Kaggle Pneumonia,100,8,0.28,0.0021,0.2783,0.2814,3.432,0.429,357.33,"[0.2834317390079377, 0.2794444379978813, 0.2810074379958678, 0.2794063850014936, 0.2771082529943669, 0.28284886199980974, 0.2802561950084055, 0.28344415200990625, 0.27901943800679874, 0.27907911999500357]"
2,Dynamic,Kaggle Pneumonia,500,1,4.838,0.0168,4.826,4.8501,1.0,1.0,103.35,"[4.870029673998943, 4.83881472099165, 4.834094751000521, 4.819742680992931, 4.848249873000896, 4.820280485000694, 4.839771072001895, 4.821523043006891, 4.8599155910051195, 4.83727627999906]"
2,Dynamic True,Kaggle Pneumonia,500,1,4.836,0.022,4.8205,4.852,1.0,1.0,103.38,"[4.807214183994802, 4.838147807997302, 4.825171777003561, 4.835713479988044, 4.842339754992281, 4.812965281991637, 4.836876936999033, 4.876463041000534, 4.837067704997025, 4.79790225099714]"
2,Dynamic,Kaggle Pneumonia,500,2,2.779,0.011,2.7708,2.7865,1.741,0.871,179.94,"[2.797953788001905, 2.7991695079981582, 2.7730218279903056, 2.7780805779912043, 2.7792787959915586, 2.7755280820128974, 2.7635050149983726, 2.7812593599956017, 2.78478963499947, 2.774651644998812]"
2,Dynamic True,Kaggle Pneumonia,500,2,2.765,0.0065,2.76,2.7693,1.749,0.875,180.85,"[2.7628161309985444, 2.775638107006671, 2.7585591280076187, 2.7641143219952937, 2.7735386949934764, 2.7569037720095366, 2.766543270990951, 2.766692643999704, 2.756347183007165, 2.7652040789980674]"
2,Dynamic,Kaggle Pneumonia,500,4,1.743,0.0076,1.7373,1.7481,2.776,0.694,286.91,"[1.7610257310007, 1.7340706100076204, 1.7445903519983403, 1.7382121740083676, 1.7395142339955783, 1.7443634780065622, 1.7443731579987798, 1.7410635319974972, 1.7487753120076377, 1.7371409540064633]"
2,Dynamic True,Kaggle Pneumonia,500,4,1.717,0.027,1.698,1.7366,2.817,0.704,291.15,"[1.72165605299233, 1.714197111010435, 1.715130468001007, 1.7161669389897725, 1.7142850389936939, 1.716133046997129, 1.7184937299898593, 1.7796370330033824, 1.7256415090087103, 1.7825337660033256]"
2,Dynamic,Kaggle Pneumonia,500,8,1.258,0.0047,1.2545,1.2613,3.846,0.481,397.49,"[1.2635786190076033, 1.2541784549976, 1.2536769220023416, 1.25673399399966, 1.25411325400637, 1.266869372993824, 1.2598348790052114, 1.2590291640080977, 1.2541420089983149, 1.2630276179988869]"
2,Dynamic True,Kaggle Pneumonia,500,8,1.243,0.0055,1.2395,1.2474,3.891,0.486,402.1,"[1.2470468819956295, 1.239663150990964, 1.2512650590069825, 1.2401113149971934, 1.2515617280005245, 1.2399949969985755, 1.249766170993098, 1.240276418000576, 1.246690005005803, 1.236677648004843]"
2,Dynamic,Kaggle Pneumonia,1000,1,9.813,0.0295,9.792,9.8342,1.0,1.0,101.9,"[9.808836406009505, 9.806665813011932, 9.791885162994731, 9.844938525988255, 9.890005893001216, 9.812834630996804, 9.813311695004813, 9.807986824002, 9.844918352988316, 9.849147133994848]"
2,Dynamic True,Kaggle Pneumonia,1000,1,9.764,0.048,9.7301,9.7988,1.0,1.0,102.41,"[9.805256313004065, 9.834678501996677, 9.71727140400617, 9.835487650998402, 9.706000734993722, 9.792597242005286, 9.767016646990669, 9.748171682003886, 9.714215344007243, 9.761910329005332]"
2,Dynamic,Kaggle Pneumonia,1000,2,5.606,0.0161,5.5948,5.6179,1.75,0.875,178.37,"[5.622976858008769, 5.5960672439978225, 5.612951036993763, 5.59791441699781, 5.594138354994357, 5.607018744995003, 5.6356956789968535, 5.583882651000749, 5.625179504000698, 5.6057091419934295]"
2,Dynamic True,Kaggle Pneumonia,1000,2,5.573,0.0188,5.5599,5.5867,1.752,0.876,179.43,"[5.591078051991644, 5.590331877989229, 5.554156115002115, 5.560675553992041, 5.575466039997991, 5.5545321149984375, 5.610116298004868, 5.595170275992132, 5.571155561003252, 5.570938520002528]"
2,Dynamic,Kaggle Pneumonia,1000,4,3.485,0.0117,3.477,3.4937,2.816,0.704,286.92,"[3.475155818989151, 3.4806961349968333, 3.5090123190020677, 3.4855810000008205, 3.508420236001257, 3.4851860249909805, 3.484692002995871, 3.486565357001382, 3.4854830139956903, 3.477326380001614]"
2,Dynamic True,Kaggle Pneumonia,1000,4,3.45,0.0076,3.4449,3.4557,2.83,0.708,289.83,"[3.46109629800776, 3.438789874999202, 3.447643894003704, 3.4576536859967746, 3.4474006320087938, 3.452530412003398, 3.442592648003483, 3.460132081003394, 3.448112289988785, 3.456500510990736]"
2,Dynamic,Kaggle Pneumonia,1000,8,2.476,0.0082,2.4701,2.4818,3.963,0.495,403.88,"[2.4886715989996446, 2.472394462005468, 2.490095689005102, 2.4745006559969625, 2.4745283810043475, 2.4630263529979857, 2.477417708010762, 2.469906860991614, 2.4804840910073835, 2.4790549789904617]"
2,Dynamic True,Kaggle Pneumonia,1000,8,2.457,0.0087,2.451,2.4634,3.974,0.497,406.97,"[2.477242364999256, 2.4511422729992773, 2.4607615129934857, 2.4590754070086405, 2.4556869879888836, 2.458667097002035, 2.4476397940015886, 2.4511448859993834, 2.465890624007443, 2.452760326996213]"
